{"13": {"5.0e-04to1.0e-03": {"uniform": {"2": {"expv": 0.6140980021272614, "vrnc": 0.00268949263418089}, "3": {"expv": 0.6141121475916224, "vrnc": 0.0027065980998889905}, "4": {"expv": 0.6141123174398156, "vrnc": 0.0027067040713442125}, "5": {"expv": 0.6141123215502176, "vrnc": 0.002706705821800659}}, "beta-2-5": {"2": {"expv": 0.6985195093185139, "vrnc": 0.001458204412396913}, "3": {"expv": 0.6985250706594741, "vrnc": 0.001465312360825144}, "4": {"expv": 0.6985251367828952, "vrnc": 0.001465357114723842}, "5": {"expv": 0.6985251383986544, "vrnc": 0.0014653579205611833}}}}, "14": {"5.0e-04to1.0e-03": {"uniform": {"5": {"expv": 0.6753644153631778, "vrnc": 0.004856335652756449}}, "beta-2-5": {"5": {"expv": 0.6809357981060937, "vrnc": 0.003486160732639354}}}}, "12": {"5.0e-04to1.0e-03": {"uniform": {"2": {"expv": 0.6141314593149636, "vrnc": 0.0026984301249328158}, "3": {"expv": 0.614146409186254, "vrnc": 0.0027161019454042257}, "4": {"expv": 0.6141465231189372, "vrnc": 0.0027162056500885656}, "5": {"expv": 0.6141465241302928, "vrnc": 0.0027162065743588926}}, "beta-2-5": {"2": {"expv": 0.6986880561428914, "vrnc": 0.0014644985851424708}, "3": {"expv": 0.6986935556358066, "vrnc": 0.001471797605752112}, "4": {"expv": 0.6986935894581744, "vrnc": 0.0014718366028801944}, "5": {"expv": 0.698693589853776, "vrnc": 0.0014718369376947038}}}}}