{"truthvrnc": 0.0014718369376947038, "truthexpy": 0.698693589853776, "0": {"basisfrom": "pce", "training-pce-expv": [0.6986880561428935], "traintime": 1024.290908575058, "pcepod": {"1": {"pcedims": [2, 3, 4, 5], "pceres": [[0.6983930476209812], [0.6983949110724202], [0.6983949134671745], [0.698394913470675]], "pcepodeyys": [[0.48901434753678463], [0.4890209185478903], [0.4890209304198908], [0.48902093044229145]], "elts": [0.2533450126647949, 0.26083874702453613, 0.24944829940795898, 0.2726309299468994]}, "2": {"pcedims": [2, 3, 4, 5], "pceres": [[0.6980805027556967], [0.6980818201008447], [0.6980818206819983], [0.6980818206814478]], "pcepodeyys": [[0.48875355286855693], [0.48875930805643375], [0.48875931450795107], [0.48875931451266985]], "elts": [0.2530505657196045, 0.2647666931152344, 0.28948116302490234, 0.2772371768951416]}, "3": {"pcedims": [2, 3, 4, 5], "pceres": [[0.6985458694551246], [0.6985509390860196], [0.698550957354375], [0.6985509574336647]], "pcepodeyys": [[0.48940440683492153], [0.48941899524937965], [0.48941905892157], [0.48941905924686147]], "elts": [0.24456477165222168, 0.25457191467285156, 0.2869293689727783, 0.2766122817993164]}, "4": {"pcedims": [2, 3, 4, 5], "pceres": [[0.6984428136327203], [0.6984479020761614], [0.6984479238858946], [0.6984479240143789]], "pcepodeyys": [[0.48928606926267626], [0.4893000943925294], [0.48930015729828497], [0.48930015767562574]], "elts": [0.25875186920166016, 0.25545334815979004, 0.2881205081939697, 0.27011704444885254]}, "5": {"pcedims": [2, 3, 4, 5], "pceres": [[0.6986878030568877], [0.6986940624184335], [0.6986940881771146], [0.6986940883114635]], "pcepodeyys": [[0.48962851574410804], [0.48964570562734977], [0.4896457876823368], [0.48964578816900994]], "elts": [0.2646667957305908, 0.2525360584259033, 0.2903006076812744, 0.28501391410827637]}, "6": {"pcedims": [2, 3, 4, 5], "pceres": [[0.698688448504786], [0.6986922554521786], [0.6986922665064839], [0.6986922665689371]], "pcepodeyys": [[0.48963000154556113], [0.4896422458146749], [0.4896422877376915], [0.4896422879699375]], "elts": [0.2740054130554199, 0.2609272003173828, 0.27593350410461426, 0.2886965274810791]}, "7": {"pcedims": [2, 3, 4, 5], "pceres": [[0.698688276241324], [0.6986919463343445], [0.6986919572560588], [0.6986919573303634]], "pcepodeyys": [[0.4896298449723494], [0.489641842795132], [0.48964188363118516], [0.4896418838784562]], "elts": [0.26539111137390137, 0.28825879096984863, 0.26409053802490234, 0.27782177925109863]}, "8": {"pcedims": [2, 3, 4, 5], "pceres": [[0.6986881754528446], [0.6986915177062485], [0.6986915356000738], [0.6986915358140346]], "pcepodeyys": [[0.4896296673491645], [0.4896405961515037], [0.4896406458391872], [0.48964064636163024]], "elts": [0.27296996116638184, 0.25193071365356445, 0.2609553337097168, 0.2947995662689209]}, "9": {"pcedims": [2, 3, 4, 5], "pceres": [[0.698688128104149], [0.6986931192713615], [0.6986931420991332], [0.6986931423060432]], "pcepodeyys": [[0.4896296473065277], [0.4896443566249798], [0.48964442382004236], [0.4896444243658412]], "elts": [0.2575669288635254, 0.2644989490509033, 0.26893186569213867, 0.31061363220214844]}, "10": {"pcedims": [2, 3, 4, 5], "pceres": [[0.6986880462520554], [0.6986923537888593], [0.6986923633926083], [0.6986923634213555]], "pcepodeyys": [[0.48962947304185084], [0.4896430879363183], [0.48964312991051206], [0.4896431300879708]], "elts": [0.27509164810180664, 0.2832202911376953, 0.2847003936767578, 0.2825136184692383]}, "11": {"pcedims": [2, 3, 4, 5], "pceres": [[0.6986880562333824], [0.6986923546133579], [0.6986923559770124], [0.6986923558483509]], "pcepodeyys": [[0.4896294984628454], [0.4896430957818357], [0.4896431217034921], [0.4896431215322414]], "elts": [0.2609269618988037, 0.2650337219238281, 0.28813672065734863, 0.2904493808746338]}, "12": {"pcedims": [2, 3, 4, 5], "pceres": [[0.6986880559773084], [0.6986923029667989], [0.6986923024871212], [0.6986923023146906]], "pcepodeyys": [[0.4896294983213431], [0.48964301532443116], [0.48964303796729036], [0.489643037716898]], "elts": [0.2574443817138672, 0.26029491424560547, 0.2652595043182373, 0.2890355587005615]}, "13": {"pcedims": [2, 3, 4, 5], "pceres": [[0.6986880561939389], [0.698690372194733], [0.6986903501239489], [0.6986903496894432]], "pcepodeyys": [[0.48962949894932467], [0.48963919042579157], [0.4896391656866263], [0.48963916483751774]], "elts": [0.2826344966888428, 0.244337797164917, 0.2743723392486572, 0.2812650203704834]}, "14": {"pcedims": [2, 3, 4, 5], "pceres": [[0.6986880561531357], [0.6986919163013727], [0.6986919270478992], [0.69869192715484]], "pcepodeyys": [[0.4896294984842775], [0.4896416923524734], [0.48964173024569996], [0.4896417304984891]], "elts": [0.257460355758667, 0.26358461380004883, 0.27765822410583496, 0.29540276527404785]}, "15": {"pcedims": [2, 3, 4, 5], "pceres": [[0.6986880561431599], [0.6986919665341993], [0.698691979939726], [0.6986919800949746]], "pcepodeyys": [[0.4896294983821515], [0.4896417644537142], [0.489641807086692], [0.4896418074372272]], "elts": [0.2771286964416504, 0.24525856971740723, 0.26106882095336914, 0.28951311111450195]}, "16": {"pcedims": [2, 3, 4, 5], "pceres": [[0.6986880561428886], [0.6986909873315281], [0.6986909868002904], [0.6986909867249205]], "pcepodeyys": [[0.48962949838187075], [0.4896398280812189], [0.4896398421088651], [0.4896398419812934]], "elts": [0.2656717300415039, 0.24781465530395508, 0.2801940441131592, 0.280503511428833]}}, "comp-redmod-elts": [6.929524898529053, 8.322057247161865, 7.457769155502319, 7.424368381500244, 7.513581037521362, 7.487077474594116, 7.626092433929443, 7.685749530792236, 7.924049615859985, 7.92742657661438, 8.016342639923096, 7.899202108383179, 8.049984216690063, 8.13845944404602, 8.279529809951782, 7.9637463092803955], "redmod-prj-errs": [[-0.00039587491825010535], [-2.0695042270979513e-06], [-2.069567943352446e-06], [5.635389566105431e-08], [5.641794065258665e-08], [-2.122843567597954e-09], [-2.1229384916665595e-09], [-1.22604271179938e-09], [2.890880868022805e-10], [2.8949875829908933e-10], [-7.011058400507864e-13], [-7.02105040772949e-13], [-9.370282327836321e-13], [-9.370282327836321e-13], [2.886579864025407e-15], [3.9968028886505635e-15]]}}