{"truthvrnc": 0.0027162065743588926, "truthexpy": 0.6141465241302928, "0": {"basisfrom": "pce", "training-pce-expv": [0.6141314593149633], "traintime": 1019.5582664012909, "pcepod": {"1": {"pcedims": [2, 3, 4, 5], "pceres": [[0.6133571102058707], [0.6133624440355271], [0.6133624513847458], [0.6133624513952111]], "pcepodeyys": [[0.3786279999200299], [0.3786447521626731], [0.3786447847922267], [0.3786447848525136]], "elts": [0.2938864231109619, 0.2947866916656494, 0.27298998832702637, 0.30446720123291016]}, "2": {"pcedims": [2, 3, 4, 5], "pceres": [[0.6126337008737008], [0.612636214091286], [0.6126362133726473], [0.6126362133679965]], "pcepodeyys": [[0.37795819406232606], [0.3779694596371993], [0.37796946743329285], [0.37796946742824505]], "elts": [0.29833221435546875, 0.2775084972381592, 0.3083016872406006, 0.34148430824279785]}, "3": {"pcedims": [2, 3, 4, 5], "pceres": [[0.6137364014895423], [0.6137504418178521], [0.6137504995815983], [0.6137504998390785]], "pcepodeyys": [[0.37931499264051444], [0.37934996326877873], [0.3793501342741548], [0.3793501351656405]], "elts": [0.28287792205810547, 0.28203248977661133, 0.2900218963623047, 0.3359649181365967]}, "4": {"pcedims": [2, 3, 4, 5], "pceres": [[0.6135456865813995], [0.6135600562046677], [0.6135601309721039], [0.6135601314515983]], "pcepodeyys": [[0.37913320230481007], [0.37916702611024033], [0.3791672035913839], [0.37916720475477816]], "elts": [0.28367137908935547, 0.28015565872192383, 0.3294048309326172, 0.32034969329833984]}, "5": {"pcedims": [2, 3, 4, 5], "pceres": [[0.6141307262245695], [0.6141483657612962], [0.6141484450960742], [0.6141484454974276]], "pcepodeyys": [[0.3798517803517682], [0.37989362256919373], [0.3798938375637878], [0.3798938387908302]], "elts": [0.293689489364624, 0.28453779220581055, 0.313875675201416, 0.3131587505340576]}, "6": {"pcedims": [2, 3, 4, 5], "pceres": [[0.6141336999282521], [0.6141444710100974], [0.6141445033746467], [0.6141445035400138]], "pcepodeyys": [[0.3798581773751643], [0.37988895358436386], [0.3798890678291965], [0.37988906842660936]], "elts": [0.27167558670043945, 0.28078317642211914, 0.28531956672668457, 0.29428529739379883]}, "7": {"pcedims": [2, 3, 4, 5], "pceres": [[0.6141326803985152], [0.6141428532334922], [0.6141428830325417], [0.6141428832098027]], "pcepodeyys": [[0.37985747995843], [0.37988733901261923], [0.37988744630600074], [0.37988744689548254]], "elts": [0.28185248374938965, 0.2941896915435791, 0.2804579734802246, 0.29839420318603516]}, "8": {"pcedims": [2, 3, 4, 5], "pceres": [[0.614132084398645], [0.6141404883036851], [0.6141405369564201], [0.6141405375596738]], "pcepodeyys": [[0.3798564827999386], [0.3798819433237748], [0.37988206483414944], [0.37988206612367764]], "elts": [0.26435136795043945, 0.2832615375518799, 0.28882265090942383, 0.3476428985595703]}, "9": {"pcedims": [2, 3, 4, 5], "pceres": [[0.6141318680559437], [0.6141440138490172], [0.6141440785804034], [0.6141440792417947]], "pcepodeyys": [[0.37985642896344113], [0.37988927576334075], [0.37988944091278665], [0.37988944239982303]], "elts": [0.28798341751098633, 0.28876709938049316, 0.32037997245788574, 0.3039412498474121]}, "10": {"pcedims": [2, 3, 4, 5], "pceres": [[0.6141314013625842], [0.6141407177094248], [0.614140733390647], [0.6141407334970648]], "pcepodeyys": [[0.37985575537245386], [0.3798845667224438], [0.3798846484276104], [0.3798846489081974]], "elts": [0.28874731063842773, 0.3101370334625244, 0.29516124725341797, 0.3212430477142334]}, "11": {"pcedims": [2, 3, 4, 5], "pceres": [[0.6141314599408543], [0.61414271645943], [0.6141427128605742], [0.6141427124029586]], "pcepodeyys": [[0.3798558801239381], [0.3798880122115922], [0.37988806679300097], [0.37988806621551835]], "elts": [0.28412795066833496, 0.27619457244873047, 0.2865772247314453, 0.29613161087036133]}, "12": {"pcedims": [2, 3, 4, 5], "pceres": [[0.6141314565138737], [0.6141418451393564], [0.6141418339487634], [0.6141418335343463]], "pcepodeyys": [[0.3798558786203574], [0.37988675321593895], [0.37988679201277425], [0.37988679145018583]], "elts": [0.29869771003723145, 0.29261159896850586, 0.3095088005065918, 0.3115971088409424]}, "13": {"pcedims": [2, 3, 4, 5], "pceres": [[0.6141314604254094], [0.6141362266231574], [0.6141361497316453], [0.6141361483676832]], "pcepodeyys": [[0.3798558870274384], [0.37987677580062246], [0.37987668814438136], [0.3798766857890691]], "elts": [0.2819333076477051, 0.3044900894165039, 0.2780721187591553, 0.3099071979522705]}, "14": {"pcedims": [2, 3, 4, 5], "pceres": [[0.6141314593793187], [0.614140592292308], [0.6141406272262392], [0.6141406279006264]], "pcepodeyys": [[0.3798558807344108], [0.37988294076399354], [0.3798830369505917], [0.3798830381344872]], "elts": [0.30277299880981445, 0.28070926666259766, 0.27802038192749023, 0.3028566837310791]}, "15": {"pcedims": [2, 3, 4, 5], "pceres": [[0.6141314593263915], [0.6141411115666751], [0.6141411570865462], [0.614141157864101]], "pcepodeyys": [[0.3798558794582652], [0.3798836588857275], [0.3798837734778724], [0.3798837748694327]], "elts": [0.2801785469055176, 0.2931950092315674, 0.2804679870605469, 0.29465150833129883]}, "16": {"pcedims": [2, 3, 4, 5], "pceres": [[0.614131459314964], [0.6141389095507086], [0.6141389237498015], [0.6141389241359958]], "pcepodeyys": [[0.37985587944526034], [0.3798798574405626], [0.3798799139948658], [0.3798799146104646]], "elts": [0.30367112159729004, 0.2984354496002197, 0.297269344329834, 0.3043670654296875]}}, "comp-redmod-elts": [6.859361410140991, 7.148460626602173, 7.23423957824707, 7.266455411911011, 7.504752159118652, 8.196243286132812, 7.505126476287842, 8.202889204025269, 7.6894378662109375, 7.8159096240997314, 7.821772575378418, 7.644671678543091, 8.604212522506714, 8.029907464981079, 8.10491943359375, 7.892171859741211], "redmod-prj-errs": [[-0.000881039200057443], [-5.625446225510089e-06], [-5.6253788508486835e-06], [4.2002565869836417e-07], [4.200300999235296e-07], [-1.5129453578843766e-08], [-1.512948855086904e-08], [-1.1087340379134503e-08], [7.49608264349888e-10], [7.497655829524774e-10], [-3.6333158703882873e-12], [-3.63520324953015e-12], [-1.0076495193800383e-11], [-1.0076495193800383e-11], [-4.1300296516055823e-14], [-3.774758283725532e-15]]}}